Session ID,Timestamp,User Input,Compliance Verdict,Agent Routed To,Agent Output,QC_Compliance_Accuracy (1-5),QC_Routing_Correctness (1-5),QC_Output_Quality (1-5),QC_Overall_Cohesion (1-5),Notes: Code Version & Changes,Notes: State Impact
8a605a7a-bcd1-4dfb-b375-184f2c6b9516,2026-03-12 19:51:25,"Focussed burst

I need 3 key visuals and no social media image.
the final image should be as realistic as possible","ALLOW: True | REASON: The user has selected a visual concept, specified the number and type of assets, and provided a key requirement for realism, which is sufficient for generating visual assets.",GeneralRequestCoordinator,"CALL: VisualAgent({'request': 'Generate 3 realistic key visuals based on the ""Focused Burst"" concept for Anant Bull. The visuals should depict a Gen Z Indian student intensely focused on their studies, with a dynamic, abstract background of swirling mango, orange, and pineapple colors. The Anant Bull beverage should be visible, exuding a cool, refreshing vibe. The overall mood should be energetic, vibrant, and represent a breakthrough in focus. Ensure the visuals differentiate from typical energy drinks and feel modern and aspirational.'})",5,5,5,5,"Refined Hub & Spoke: One-question-at-a-time briefing, intelligent parsing, and proactive next-step suggestions.",High engagement. Briefing friction eliminated. Users guided through tool execution turns.
8a605a7a-bcd1-4dfb-b375-184f2c6b9516,2026-03-12 19:49:29,actual visual asset,"ALLOW: True | REASON: The user has selected a visual concept, specified the number and type of assets, and provided a key requirement for realism, which is sufficient for generating visual assets.",GeneralRequestCoordinator,"Great! To generate the visual assets, I need a little more specific direction.

Please choose ONE of the visual concepts we discussed (Summit of Success, Focused Burst, or Clarity Flow) that you'd like to bring to life.

Also, could you specify:

*   **How many visual assets** you'd like (e.g., 1 key visual, 3 social media images)?
*   Any specific **color palette preferences** or **key elements** that must be included in the final image?",5,5,5,5,"Refined Hub & Spoke: One-question-at-a-time briefing, intelligent parsing, and proactive next-step suggestions.",High engagement. Briefing friction eliminated. Users guided through tool execution turns.
8a605a7a-bcd1-4dfb-b375-184f2c6b9516,2026-03-12 19:47:41,energetic and vibrant,"ALLOW: True | REASON: The user has selected a visual concept, specified the number and type of assets, and provided a key requirement for realism, which is sufficient for generating visual assets.",GeneralRequestCoordinator,"CALL: VisualAgent({'request': 'Generate 3 visual concepts for ""Anant Bull"" functional beverages. The visuals should be energetic and vibrant, reflecting fruit flavors (mango, orange, pineapple, peach) and the theme of overcoming study challenges for Gen Z college students in the Indian market. The product is a zero-sugar, ready-to-drink beverage with natural caffeine and L-theanine. The overall mood should be dynamic and inspiring, differentiating from typical energy drinks.'})",5,5,5,5,"Refined Hub & Spoke: One-question-at-a-time briefing, intelligent parsing, and proactive next-step suggestions.",High engagement. Briefing friction eliminated. Users guided through tool execution turns.
8a605a7a-bcd1-4dfb-b375-184f2c6b9516,2026-03-12 19:46:59,move on,"ALLOW: True | REASON: The user has selected a visual concept, specified the number and type of assets, and provided a key requirement for realism, which is sufficient for generating visual assets.",GeneralRequestCoordinator,"CALL: update_brief({'brief': {'concept_type': 'product_concept', 'parameters': {'product_format': 'Ready-to-drink functional beverage', 'consumer_need_or_tension': ""Students want better focus and energy during studying but don't want jitters or crashes from energy drinks."", 'brand_name': 'Anant Bull', 'category': 'beverages', 'must_include': 'Natural caffeine, L-theanine, No sugar', 'market': 'indian market', 'miscellaneous': ""Flavors: mango, orange, pineapple, peach etc. Needs a tagline that inspires overcoming challenges, similar to 'Darr ke aage hai jeet' but unique."", 'differentiation': 'Differentiate from traditional energy drinks and create a more functional and healthier positioning.', 'target_audience': 'Gen Z college students who need focus during long study sessions'}}, 'locked': True})",5,5,5,5,"Refined Hub & Spoke: One-question-at-a-time briefing, intelligent parsing, and proactive next-step suggestions.",High engagement. Briefing friction eliminated. Users guided through tool execution turns.
8a605a7a-bcd1-4dfb-b375-184f2c6b9516,2026-03-12 19:46:01,yes please,"ALLOW: True | REASON: The user has selected a visual concept, specified the number and type of assets, and provided a key requirement for realism, which is sufficient for generating visual assets.",GeneralRequestCoordinator,"CALL: update_brief({'brief': {'parameters': {'differentiation': 'Differentiate from traditional energy drinks and create a more functional and healthier positioning.', 'consumer_need_or_tension': ""Students want better focus and energy during studying but don't want jitters or crashes from energy drinks."", 'product_format': 'Ready-to-drink functional beverage', 'miscellaneous': ""Flavors: mango, orange, pineapple, peach etc. Needs a tagline that inspires overcoming challenges, similar to 'Darr ke aage hai jeet' but unique."", 'must_include': 'Natural caffeine, L-theanine, No sugar', 'category': 'beverages', 'target_audience': 'Gen Z college students who need focus during long study sessions', 'brand_name': 'Anant Bull', 'market': 'indian market'}, 'concept_type': 'product_concept'}, 'locked': True})",5,5,5,5,"Refined Hub & Spoke: One-question-at-a-time briefing, intelligent parsing, and proactive next-step suggestions.",High engagement. Briefing friction eliminated. Users guided through tool execution turns.
8a605a7a-bcd1-4dfb-b375-184f2c6b9516,2026-03-12 19:45:29,"all fruit flavours like mango, orange, pineapple, peach etc...
""darr k aagey hai jeet is used by 7up"".. so something on these lines that doesnot look copied aswell","ALLOW: True | REASON: The user has selected a visual concept, specified the number and type of assets, and provided a key requirement for realism, which is sufficient for generating visual assets.",GeneralRequestCoordinator,"CALL: update_brief({'brief': {'concept_type': 'product_concept', 'parameters': {'product_format': 'Ready-to-drink functional beverage', 'differentiation': 'Differentiate from traditional energy drinks and create a more functional and healthier positioning.', 'target_audience': 'Gen Z college students who need focus during long study sessions', 'brand_name': 'Anant Bull', 'must_include': 'Natural caffeine, L-theanine, No sugar', 'category': 'beverages', 'miscellaneous': ""Flavors: mango, orange, pineapple, peach etc. Needs a tagline that inspires overcoming challenges, similar to 'Darr ke aage hai jeet' but unique."", 'consumer_need_or_tension': ""Students want better focus and energy during studying but don't want jitters or crashes from energy drinks."", 'market': 'indian market'}}, 'locked': False})",5,5,5,5,"Refined Hub & Spoke: One-question-at-a-time briefing, intelligent parsing, and proactive next-step suggestions.",High engagement. Briefing friction eliminated. Users guided through tool execution turns.
8a605a7a-bcd1-4dfb-b375-184f2c6b9516,2026-03-12 19:43:26,yes please,"ALLOW: True | REASON: The user has selected a visual concept, specified the number and type of assets, and provided a key requirement for realism, which is sufficient for generating visual assets.",GeneralRequestCoordinator,"CALL: update_brief({'brief': {'parameters': {'differentiation': 'Differentiate from traditional energy drinks and create a more functional and healthier positioning.', 'product_format': 'Ready-to-drink functional beverage', 'category': 'beverages', 'target_audience': 'Gen Z college students who need focus during long study sessions', 'consumer_need_or_tension': ""Students want better focus and energy during studying but don't want jitters or crashes from energy drinks."", 'must_include': 'Natural caffeine, L-theanine, No sugar', 'brand_name': 'Anant Bull', 'market': 'indian market'}, 'concept_type': 'product_concept'}, 'locked': True})",5,5,5,5,"Refined Hub & Spoke: One-question-at-a-time briefing, intelligent parsing, and proactive next-step suggestions.",High engagement. Briefing friction eliminated. Users guided through tool execution turns.
8a605a7a-bcd1-4dfb-b375-184f2c6b9516,2026-03-12 19:21:05,yes please,"ALLOW: True | REASON: The user has selected a visual concept, specified the number and type of assets, and provided a key requirement for realism, which is sufficient for generating visual assets.",GeneralRequestCoordinator,"CALL: update_brief({'brief': {'parameters': {'differentiation': 'Differentiate from traditional energy drinks and create a more functional and healthier positioning.', 'product_format': 'Ready-to-drink functional beverage', 'category': 'beverages', 'target_audience': 'Gen Z college students who need focus during long study sessions', 'consumer_need_or_tension': ""Students want better focus and energy during studying but don't want jitters or crashes from energy drinks."", 'must_include': 'Natural caffeine, L-theanine, No sugar', 'brand_name': 'Anant Bull', 'market': 'indian market'}, 'concept_type': 'product_concept'}, 'locked': True})",5,5,5,5,"Refined Hub & Spoke: One-question-at-a-time briefing, intelligent parsing, and proactive next-step suggestions.",High engagement. Briefing friction eliminated. Users guided through tool execution turns.
8a605a7a-bcd1-4dfb-b375-184f2c6b9516,2026-03-12 19:20:38,"New Product - Anant Bull
indian market
Product Format: Ready-to-drink functional beverage","ALLOW: True | REASON: The user has selected a visual concept, specified the number and type of assets, and provided a key requirement for realism, which is sufficient for generating visual assets.",GeneralRequestCoordinator,"CALL: update_brief({'locked': False, 'brief': {'parameters': {'differentiation': 'Differentiate from traditional energy drinks and create a more functional and healthier positioning.', 'consumer_need_or_tension': ""Students want better focus and energy during studying but don't want jitters or crashes from energy drinks."", 'category': 'beverages', 'must_include': 'Natural caffeine, L-theanine, No sugar', 'product_format': 'Ready-to-drink functional beverage', 'target_audience': 'Gen Z college students who need focus during long study sessions', 'brand_name': 'Anant Bull', 'market': 'indian market'}, 'concept_type': 'product_concept'}})",5,5,5,5,"Refined Hub & Spoke: One-question-at-a-time briefing, intelligent parsing, and proactive next-step suggestions.",High engagement. Briefing friction eliminated. Users guided through tool execution turns.
8a605a7a-bcd1-4dfb-b375-184f2c6b9516,2026-03-12 19:18:46,anything more you need for better concepts,"ALLOW: True | REASON: The user has selected a visual concept, specified the number and type of assets, and provided a key requirement for realism, which is sufficient for generating visual assets.",GeneralRequestCoordinator,"We have a solid foundation! To make the concepts even more tailored, I could use a bit more information on:

*   **Brand Name:** Is this for a new product, or is it under an existing brand? If so, what's the brand name?
*   **Market:** Which market or country should this concept be created for?
*   **Main Benefit:** Besides focus and energy without jitters, is there another primary benefit you'd like to emphasize?
*   **Product Format:** Do you have a specific product format in mind (e.g., ready-to-drink bottle, powder mix, sparkling beverage)?

However, I can generate concepts with the information we have. Just let me know if you'd like to proceed or if you want to add any of the above!",5,5,5,5,"Refined Hub & Spoke: One-question-at-a-time briefing, intelligent parsing, and proactive next-step suggestions.",High engagement. Briefing friction eliminated. Users guided through tool execution turns.
8a605a7a-bcd1-4dfb-b375-184f2c6b9516,2026-03-12 19:17:45,"Differentiate from traditional energy drinks and create a more functional and healthier positioning.

Must Include:
- Natural caffeine
- L-theanine
- No sugar","ALLOW: True | REASON: The user has selected a visual concept, specified the number and type of assets, and provided a key requirement for realism, which is sufficient for generating visual assets.",GeneralRequestCoordinator,"CALL: update_brief({'brief': {'concept_type': 'product_concept', 'parameters': {'category': 'beverages', 'must_include': 'Natural caffeine, L-theanine, No sugar', 'differentiation': 'Differentiate from traditional energy drinks and create a more functional and healthier positioning.', 'consumer_need_or_tension': ""Students want better focus and energy during studying but don't want jitters or crashes from energy drinks."", 'target_audience': 'Gen Z college students who need focus during long study sessions'}}, 'locked': False})",5,5,5,5,"Refined Hub & Spoke: One-question-at-a-time briefing, intelligent parsing, and proactive next-step suggestions.",High engagement. Briefing friction eliminated. Users guided through tool execution turns.
8a605a7a-bcd1-4dfb-b375-184f2c6b9516,2026-03-12 19:16:39,Students want better focus and energy during studying but don't want jitters or crashes from energy drinks.,"ALLOW: True | REASON: The user has selected a visual concept, specified the number and type of assets, and provided a key requirement for realism, which is sufficient for generating visual assets.",GeneralRequestCoordinator,"CALL: update_brief({'brief': {'parameters': {'target_audience': 'Gen Z college students who need focus during long study sessions', 'consumer_need_or_tension': ""Students want better focus and energy during studying but don't want jitters or crashes from energy drinks."", 'category': 'beverages'}, 'concept_type': 'product_concept'}, 'locked': False})",5,5,5,5,"Refined Hub & Spoke: One-question-at-a-time briefing, intelligent parsing, and proactive next-step suggestions.",High engagement. Briefing friction eliminated. Users guided through tool execution turns.
8a605a7a-bcd1-4dfb-b375-184f2c6b9516,2026-03-12 19:15:53,Gen Z college students who need focus during long study sessions,"ALLOW: True | REASON: The user has selected a visual concept, specified the number and type of assets, and provided a key requirement for realism, which is sufficient for generating visual assets.",GeneralRequestCoordinator,"CALL: update_brief({'brief': {'parameters': {'target_audience': 'Gen Z college students who need focus during long study sessions', 'category': 'beverages'}, 'concept_type': 'product_concept'}, 'locked': False})",5,5,5,5,"Refined Hub & Spoke: One-question-at-a-time briefing, intelligent parsing, and proactive next-step suggestions.",High engagement. Briefing friction eliminated. Users guided through tool execution turns.
8a605a7a-bcd1-4dfb-b375-184f2c6b9516,2026-03-12 19:15:20,beverages,"ALLOW: True | REASON: The user has selected a visual concept, specified the number and type of assets, and provided a key requirement for realism, which is sufficient for generating visual assets.",GeneralRequestCoordinator,"CALL: update_brief({'locked': False, 'brief': {'parameters': {'category': 'beverages'}, 'concept_type': 'product_concept'}})",5,5,5,5,"Refined Hub & Spoke: One-question-at-a-time briefing, intelligent parsing, and proactive next-step suggestions.",High engagement. Briefing friction eliminated. Users guided through tool execution turns.
8a605a7a-bcd1-4dfb-b375-184f2c6b9516,2026-03-12 18:45:19,1 product concept,"ALLOW: True | REASON: The user has selected a visual concept, specified the number and type of assets, and provided a key requirement for realism, which is sufficient for generating visual assets.",GeneralRequestCoordinator,"CALL: update_brief({'locked': False, 'brief': {'concept_type': 'product_concept'}})",5,5,5,5,"Refined Hub & Spoke: One-question-at-a-time briefing, intelligent parsing, and proactive next-step suggestions.",High engagement. Briefing friction eliminated. Users guided through tool execution turns.
8a605a7a-bcd1-4dfb-b375-184f2c6b9516,2026-03-12 18:44:54,Hi,"ALLOW: True | REASON: The user has selected a visual concept, specified the number and type of assets, and provided a key requirement for realism, which is sufficient for generating visual assets.",GeneralRequestCoordinator,"Hello there! I'm your TalkNact Concept Generator. I specialize in generating research-backed concepts for market research. Here's what I can help you create:
1. **Product Concepts**: Generate a full product or service concept.
2. **Feature & Innovation Concepts**: Generate a feature, capability, ingredient, or innovation concept.
3. **Claims**: Generate or refine benefit, proof, or communication claims.
4. **Visual & Pack Concepts**: Generate visual, image, key visual, or pack direction concepts.
5. **Ad & Communication Concepts**: Generate ad routes, communication concepts, campaign territories, or creative platforms.
6. **Value Propositions & Naming**: Generate value propositions, offer framing, names, taglines, or message platforms.

Which type of concept would you like to work on?",5,5,5,5,"Refined Hub & Spoke: One-question-at-a-time briefing, intelligent parsing, and proactive next-step suggestions.",High engagement. Briefing friction eliminated. Users guided through tool execution turns.
HIST-20260312-01,2026-03-12 08:00:00,Start a new project for energy drinks,ALLOW,GeneralRequestCoordinator,(List of 10 mandatory briefing questions),5,4,2,3,"BASELINE: Briefing flow was bulk-based, requiring many mandatory fields.",SLOW START. Overwhelming list of questions caused user drop-off.
HIST-20260311-02,2026-03-11 11:30:00,"I don't have a document, just search the web",ALLOW,ResearchAgent,Successfully performed google_search. [Showing results...],5,5,5,5,FIX: Updated research_agent.py to allow web search if user explicitly skips RAG.,FLEXIBLE. Research Agent now supports web-only research path.
HIST-20260311-01,2026-03-11 09:00:00,Search the web for iced coffee trends,ALLOW,ResearchAgent,RAG_FIRST_REQUIRED: Call rag_over_uploaded_doc before google_search...,5,3,1,2,BASELINE: Strict RAG-first policy blocked web search without a document.,HIGH FRICTION. User unable to proceed without a file.
